1,"What is the Greatest Common Factor of 108 and 32?",4,,,,12,,,typing
2,"What is the Greatest Common Factor of 120 and 36?",12,,,,12,,,typing
3,"What is the Greatest Common Factor of 108 and 117?",9,,,,12,,,typing
4,"What is the Greatest Common Factor of 84 and 94?",2,,,,12,,,typing
5,"What is the Greatest Common Factor of 18 and 111?",3,,,,12,,,typing
6,"What is the Greatest Common Factor of 42 and 119?",7,,,,12,,,typing
7,"What is the Greatest Common Factor of 98 and 95?",1,,,,12,,,typing
8,"What is the Greatest Common Factor of 78 and 114?",6,,,,12,,,typing
9,"What is the Greatest Common Factor of 90 and 63?",9,,,,12,,,typing
10,"What is the Greatest Common Factor of 91 and 41?",1,,,,12,,,typing
11,"What is the Greatest Common Factor of 45 and 100?",5,,,,12,,,typing
12,"What is the Greatest Common Factor of 108 and 120?",12,,,,12,,,typing
13,"What is the Greatest Common Factor of 99 and 54?",9,,,,12,,,typing
14,"What is the Greatest Common Factor of 88 and 80?",8,,,,12,,,typing
15,"What is the Greatest Common Factor of 22 and 99?",11,,,,12,,,typing
16,"What is the Greatest Common Factor of 115 and 34?",1,,,,12,,,typing
17,"What is the Greatest Common Factor of 28 and 18?",2,,,,12,,,typing
18,"What is the Greatest Common Factor of 108 and 79?",1,,,,12,,,typing
19,"What is the Greatest Common Factor of 20 and 10?",10,,,,12,,,typing
20,"What is the Greatest Common Factor of 87 and 108?",3,,,,12,,,typing
21,"What is the Greatest Common Factor of 96 and 60?",12,,,,12,,,typing
22,"What is the Greatest Common Factor of 75 and 26?",1,,,,12,,,typing
23,"What is the Greatest Common Factor of 57 and 117?",3,,,,12,,,typing
24,"What is the Greatest Common Factor of 10 and 28?",2,,,,12,,,typing
25,"What is the Greatest Common Factor of 99 and 72?",9,,,,12,,,typing
26,"What is the Greatest Common Factor of 63 and 54?",9,,,,12,,,typing
27,"What is the Greatest Common Factor of 90 and 65?",5,,,,12,,,typing
28,"What is the Greatest Common Factor of 45 and 108?",9,,,,12,,,typing
29,"What is the Greatest Common Factor of 10 and 14?",2,,,,12,,,typing
30,"What is the Greatest Common Factor of 43 and 31?",1,,,,12,,,typing
31,"What is the Greatest Common Factor of 96 and 84?",12,,,,12,,,typing
32,"What is the Greatest Common Factor of 18 and 111?",3,,,,12,,,typing
33,"What is the Greatest Common Factor of 60 and 108?",12,,,,12,,,typing
34,"What is the Greatest Common Factor of 36 and 96?",12,,,,12,,,typing
35,"What is the Greatest Common Factor of 80 and 88?",8,,,,12,,,typing
36,"What is the Greatest Common Factor of 115 and 105?",5,,,,12,,,typing
37,"What is the Greatest Common Factor of 80 and 70?",10,,,,12,,,typing
38,"What is the Greatest Common Factor of 117 and 108?",9,,,,12,,,typing
39,"What is the Greatest Common Factor of 60 and 12?",12,,,,12,,,typing
40,"What is the Greatest Common Factor of 18 and 78?",6,,,,12,,,typing
41,"What is the Greatest Common Factor of 25 and 80?",5,,,,12,,,typing
42,"What is the Greatest Common Factor of 66 and 114?",6,,,,12,,,typing
43,"What is the Greatest Common Factor of 30 and 48?",6,,,,12,,,typing
44,"What is the Greatest Common Factor of 45 and 72?",9,,,,12,,,typing
45,"What is the Greatest Common Factor of 95 and 115?",5,,,,12,,,typing
46,"What is the Greatest Common Factor of 60 and 35?",5,,,,12,,,typing
47,"What is the Greatest Common Factor of 44 and 116?",4,,,,12,,,typing
48,"What is the Greatest Common Factor of 44 and 80?",4,,,,12,,,typing
49,"What is the Greatest Common Factor of 32 and 24?",8,,,,12,,,typing
50,"What is the Greatest Common Factor of 15 and 40?",5,,,,12,,,typing
51,"What is the Greatest Common Factor of 45 and 81?",9,,,,12,,,typing
52,"What is the Greatest Common Factor of 72 and 19?",1,,,,12,,,typing
53,"What is the Greatest Common Factor of 28 and 80?",4,,,,12,,,typing
54,"What is the Greatest Common Factor of 78 and 18?",6,,,,12,,,typing
55,"What is the Greatest Common Factor of 105 and 112?",7,,,,12,,,typing
56,"What is the Greatest Common Factor of 103 and 18?",1,,,,12,,,typing
57,"What is the Greatest Common Factor of 102 and 106?",2,,,,12,,,typing
58,"What is the Greatest Common Factor of 10 and 80?",10,,,,12,,,typing
59,"What is the Greatest Common Factor of 110 and 10?",10,,,,12,,,typing
60,"What is the Greatest Common Factor of 108 and 60?",12,,,,12,,,typing
61,"What is the Greatest Common Factor of 10 and 85?",5,,,,12,,,typing
62,"What is the Greatest Common Factor of 45 and 27?",9,,,,12,,,typing
63,"What is the Greatest Common Factor of 102 and 81?",3,,,,12,,,typing
64,"What is the Greatest Common Factor of 45 and 63?",9,,,,12,,,typing
65,"What is the Greatest Common Factor of 116 and 62?",2,,,,12,,,typing
66,"What is the Greatest Common Factor of 15 and 12?",3,,,,12,,,typing
67,"What is the Greatest Common Factor of 99 and 77?",11,,,,12,,,typing
68,"What is the Greatest Common Factor of 88 and 56?",8,,,,12,,,typing
69,"What is the Greatest Common Factor of 11 and 84?",1,,,,12,,,typing
70,"What is the Greatest Common Factor of 120 and 51?",3,,,,12,,,typing
71,"What is the Greatest Common Factor of 119 and 63?",7,,,,12,,,typing
72,"What is the Greatest Common Factor of 85 and 65?",5,,,,12,,,typing
73,"What is the Greatest Common Factor of 18 and 99?",9,,,,12,,,typing
74,"What is the Greatest Common Factor of 70 and 30?",10,,,,12,,,typing
75,"What is the Greatest Common Factor of 20 and 16?",4,,,,12,,,typing
76,"What is the Greatest Common Factor of 65 and 95?",5,,,,12,,,typing
77,"What is the Greatest Common Factor of 66 and 11?",11,,,,12,,,typing
78,"What is the Greatest Common Factor of 105 and 25?",5,,,,12,,,typing
79,"What is the Greatest Common Factor of 120 and 84?",12,,,,12,,,typing
80,"What is the Greatest Common Factor of 50 and 90?",10,,,,12,,,typing
81,"What is the Greatest Common Factor of 44 and 55?",11,,,,12,,,typing
82,"What is the Greatest Common Factor of 51 and 81?",3,,,,12,,,typing
83,"What is the Greatest Common Factor of 40 and 30?",10,,,,12,,,typing
84,"What is the Greatest Common Factor of 10 and 94?",2,,,,12,,,typing
85,"What is the Greatest Common Factor of 30 and 110?",10,,,,12,,,typing
86,"What is the Greatest Common Factor of 99 and 90?",9,,,,12,,,typing
87,"What is the Greatest Common Factor of 65 and 110?",5,,,,12,,,typing
88,"What is the Greatest Common Factor of 27 and 117?",9,,,,12,,,typing
89,"What is the Greatest Common Factor of 70 and 20?",10,,,,12,,,typing
90,"What is the Greatest Common Factor of 42 and 77?",7,,,,12,,,typing
91,"What is the Greatest Common Factor of 84 and 25?",1,,,,12,,,typing
92,"What is the Greatest Common Factor of 81 and 36?",9,,,,12,,,typing
93,"What is the Greatest Common Factor of 68 and 44?",4,,,,12,,,typing
94,"What is the Greatest Common Factor of 45 and 54?",9,,,,12,,,typing
95,"What is the Greatest Common Factor of 28 and 21?",7,,,,12,,,typing
96,"What is the Greatest Common Factor of 111 and 30?",3,,,,12,,,typing
97,"What is the Greatest Common Factor of 40 and 44?",4,,,,12,,,typing
98,"What is the Greatest Common Factor of 11 and 33?",11,,,,12,,,typing
99,"What is the Greatest Common Factor of 99 and 44?",11,,,,12,,,typing
100,"What is the Greatest Common Factor of 72 and 45?",9,,,,12,,,typing
101,"What is the Greatest Common Factor of 75 and 10?",5,,,,12,,,typing
102,"What is the Greatest Common Factor of 56 and 44?",4,,,,12,,,typing
103,"What is the Greatest Common Factor of 12 and 108?",12,,,,12,,,typing
104,"What is the Greatest Common Factor of 99 and 88?",11,,,,12,,,typing
105,"What is the Greatest Common Factor of 84 and 119?",7,,,,12,,,typing
106,"What is the Greatest Common Factor of 12 and 36?",12,,,,12,,,typing
107,"What is the Greatest Common Factor of 77 and 11?",11,,,,12,,,typing
108,"What is the Greatest Common Factor of 15 and 72?",3,,,,12,,,typing
109,"What is the Greatest Common Factor of 28 and 49?",7,,,,12,,,typing
110,"What is the Greatest Common Factor of 70 and 49?",7,,,,12,,,typing
111,"What is the Greatest Common Factor of 105 and 49?",7,,,,12,,,typing
112,"What is the Greatest Common Factor of 60 and 50?",10,,,,12,,,typing
113,"What is the Greatest Common Factor of 120 and 76?",4,,,,12,,,typing
114,"What is the Greatest Common Factor of 40 and 112?",8,,,,12,,,typing
115,"What is the Greatest Common Factor of 27 and 87?",3,,,,12,,,typing
116,"What is the Greatest Common Factor of 97 and 58?",1,,,,12,,,typing
117,"What is the Greatest Common Factor of 72 and 84?",12,,,,12,,,typing
118,"What is the Greatest Common Factor of 24 and 30?",6,,,,12,,,typing
119,"What is the Greatest Common Factor of 70 and 120?",10,,,,12,,,typing
120,"What is the Greatest Common Factor of 100 and 90?",10,,,,12,,,typing
121,"What is the Greatest Common Factor of 32 and 61?",1,,,,12,,,typing
122,"What is the Greatest Common Factor of 84 and 104?",4,,,,12,,,typing
123,"What is the Greatest Common Factor of 65 and 100?",5,,,,12,,,typing
124,"What is the Greatest Common Factor of 24 and 40?",8,,,,12,,,typing
125,"What is the Greatest Common Factor of 42 and 35?",7,,,,12,,,typing
126,"What is the Greatest Common Factor of 110 and 96?",2,,,,12,,,typing
127,"What is the Greatest Common Factor of 66 and 55?",11,,,,12,,,typing
128,"What is the Greatest Common Factor of 16 and 44?",4,,,,12,,,typing
129,"What is the Greatest Common Factor of 30 and 54?",6,,,,12,,,typing
130,"What is the Greatest Common Factor of 15 and 40?",5,,,,12,,,typing
131,"What is the Greatest Common Factor of 77 and 99?",11,,,,12,,,typing
132,"What is the Greatest Common Factor of 72 and 92?",4,,,,12,,,typing
133,"What is the Greatest Common Factor of 48 and 12?",12,,,,12,,,typing
134,"What is the Greatest Common Factor of 72 and 100?",4,,,,12,,,typing
135,"What is the Greatest Common Factor of 66 and 11?",11,,,,12,,,typing
136,"What is the Greatest Common Factor of 75 and 95?",5,,,,12,,,typing
137,"What is the Greatest Common Factor of 105 and 98?",7,,,,12,,,typing
138,"What is the Greatest Common Factor of 105 and 74?",1,,,,12,,,typing
139,"What is the Greatest Common Factor of 75 and 115?",5,,,,12,,,typing
140,"What is the Greatest Common Factor of 36 and 99?",9,,,,12,,,typing
141,"What is the Greatest Common Factor of 30 and 95?",5,,,,12,,,typing
142,"What is the Greatest Common Factor of 18 and 60?",6,,,,12,,,typing
143,"What is the Greatest Common Factor of 36 and 44?",4,,,,12,,,typing
144,"What is the Greatest Common Factor of 84 and 49?",7,,,,12,,,typing
145,"What is the Greatest Common Factor of 99 and 110?",11,,,,12,,,typing
146,"What is the Greatest Common Factor of 28 and 104?",4,,,,12,,,typing
147,"What is the Greatest Common Factor of 70 and 20?",10,,,,12,,,typing
148,"What is the Greatest Common Factor of 88 and 11?",11,,,,12,,,typing
149,"What is the Greatest Common Factor of 55 and 66?",11,,,,12,,,typing
150,"What is the Greatest Common Factor of 50 and 120?",10,,,,12,,,typing
151,"What is the Greatest Common Factor of 64 and 56?",8,,,,12,,,typing
152,"What is the Greatest Common Factor of 36 and 48?",12,,,,12,,,typing
153,"What is the Greatest Common Factor of 40 and 115?",5,,,,12,,,typing
154,"What is the Greatest Common Factor of 64 and 104?",8,,,,12,,,typing
155,"What is the Greatest Common Factor of 63 and 78?",3,,,,12,,,typing
156,"What is the Greatest Common Factor of 84 and 18?",6,,,,12,,,typing
157,"What is the Greatest Common Factor of 104 and 45?",1,,,,12,,,typing
158,"What is the Greatest Common Factor of 70 and 10?",10,,,,12,,,typing
159,"What is the Greatest Common Factor of 27 and 105?",3,,,,12,,,typing
160,"What is the Greatest Common Factor of 80 and 36?",4,,,,12,,,typing
161,"What is the Greatest Common Factor of 69 and 39?",3,,,,12,,,typing
162,"What is the Greatest Common Factor of 31 and 100?",1,,,,12,,,typing
163,"What is the Greatest Common Factor of 102 and 42?",6,,,,12,,,typing
164,"What is the Greatest Common Factor of 10 and 20?",10,,,,12,,,typing
165,"What is the Greatest Common Factor of 117 and 90?",9,,,,12,,,typing
166,"What is the Greatest Common Factor of 24 and 51?",3,,,,12,,,typing
167,"What is the Greatest Common Factor of 18 and 27?",9,,,,12,,,typing
168,"What is the Greatest Common Factor of 56 and 64?",8,,,,12,,,typing
169,"What is the Greatest Common Factor of 26 and 108?",2,,,,12,,,typing
170,"What is the Greatest Common Factor of 57 and 54?",3,,,,12,,,typing
171,"What is the Greatest Common Factor of 23 and 38?",1,,,,12,,,typing
172,"What is the Greatest Common Factor of 42 and 114?",6,,,,12,,,typing
173,"What is the Greatest Common Factor of 38 and 52?",2,,,,12,,,typing
174,"What is the Greatest Common Factor of 35 and 56?",7,,,,12,,,typing
175,"What is the Greatest Common Factor of 18 and 96?",6,,,,12,,,typing
176,"What is the Greatest Common Factor of 66 and 11?",11,,,,12,,,typing
177,"What is the Greatest Common Factor of 108 and 48?",12,,,,12,,,typing
178,"What is the Greatest Common Factor of 100 and 115?",5,,,,12,,,typing
179,"What is the Greatest Common Factor of 66 and 15?",3,,,,12,,,typing
180,"What is the Greatest Common Factor of 35 and 112?",7,,,,12,,,typing
181,"What is the Greatest Common Factor of 88 and 11?",11,,,,12,,,typing
182,"What is the Greatest Common Factor of 45 and 72?",9,,,,12,,,typing
183,"What is the Greatest Common Factor of 99 and 22?",11,,,,12,,,typing
184,"What is the Greatest Common Factor of 21 and 119?",7,,,,12,,,typing
185,"What is the Greatest Common Factor of 117 and 87?",3,,,,12,,,typing
186,"What is the Greatest Common Factor of 28 and 91?",7,,,,12,,,typing
187,"What is the Greatest Common Factor of 91 and 70?",7,,,,12,,,typing
188,"What is the Greatest Common Factor of 96 and 30?",6,,,,12,,,typing
189,"What is the Greatest Common Factor of 88 and 40?",8,,,,12,,,typing
190,"What is the Greatest Common Factor of 60 and 102?",6,,,,12,,,typing
191,"What is the Greatest Common Factor of 63 and 99?",9,,,,12,,,typing
192,"What is the Greatest Common Factor of 58 and 108?",2,,,,12,,,typing
193,"What is the Greatest Common Factor of 24 and 51?",3,,,,12,,,typing
194,"What is the Greatest Common Factor of 36 and 79?",1,,,,12,,,typing
195,"What is the Greatest Common Factor of 100 and 112?",4,,,,12,,,typing
196,"What is the Greatest Common Factor of 35 and 42?",7,,,,12,,,typing
197,"What is the Greatest Common Factor of 64 and 40?",8,,,,12,,,typing
198,"What is the Greatest Common Factor of 52 and 88?",4,,,,12,,,typing
199,"What is the Greatest Common Factor of 10 and 20?",10,,,,12,,,typing
200,"What is the Greatest Common Factor of 50 and 70?",10,,,,12,,,typing
201,"What is the Greatest Common Factor of 120 and 78?",6,,,,12,,,typing
202,"What is the Greatest Common Factor of 94 and 88?",2,,,,12,,,typing
203,"What is the Greatest Common Factor of 12 and 60?",12,,,,12,,,typing
204,"What is the Greatest Common Factor of 24 and 36?",12,,,,12,,,typing
205,"What is the Greatest Common Factor of 52 and 68?",4,,,,12,,,typing
206,"What is the Greatest Common Factor of 110 and 33?",11,,,,12,,,typing
207,"What is the Greatest Common Factor of 27 and 72?",9,,,,12,,,typing
208,"What is the Greatest Common Factor of 77 and 110?",11,,,,12,,,typing
209,"What is the Greatest Common Factor of 110 and 70?",10,,,,12,,,typing
210,"What is the Greatest Common Factor of 90 and 28?",2,,,,12,,,typing
211,"What is the Greatest Common Factor of 48 and 57?",3,,,,12,,,typing
212,"What is the Greatest Common Factor of 56 and 104?",8,,,,12,,,typing
213,"What is the Greatest Common Factor of 27 and 90?",9,,,,12,,,typing
214,"What is the Greatest Common Factor of 28 and 77?",7,,,,12,,,typing
215,"What is the Greatest Common Factor of 16 and 92?",4,,,,12,,,typing
216,"What is the Greatest Common Factor of 102 and 78?",6,,,,12,,,typing
217,"What is the Greatest Common Factor of 40 and 104?",8,,,,12,,,typing
218,"What is the Greatest Common Factor of 63 and 49?",7,,,,12,,,typing
219,"What is the Greatest Common Factor of 30 and 24?",6,,,,12,,,typing
220,"What is the Greatest Common Factor of 20 and 25?",5,,,,12,,,typing
221,"What is the Greatest Common Factor of 110 and 15?",5,,,,12,,,typing
222,"What is the Greatest Common Factor of 58 and 72?",2,,,,12,,,typing
223,"What is the Greatest Common Factor of 76 and 40?",4,,,,12,,,typing
224,"What is the Greatest Common Factor of 10 and 35?",5,,,,12,,,typing
225,"What is the Greatest Common Factor of 75 and 57?",3,,,,12,,,typing
226,"What is the Greatest Common Factor of 30 and 10?",10,,,,12,,,typing
227,"What is the Greatest Common Factor of 91 and 35?",7,,,,12,,,typing
228,"What is the Greatest Common Factor of 108 and 96?",12,,,,12,,,typing
229,"What is the Greatest Common Factor of 113 and 22?",1,,,,12,,,typing
230,"What is the Greatest Common Factor of 18 and 96?",6,,,,12,,,typing
231,"What is the Greatest Common Factor of 72 and 92?",4,,,,12,,,typing
232,"What is the Greatest Common Factor of 60 and 42?",6,,,,12,,,typing
233,"What is the Greatest Common Factor of 95 and 100?",5,,,,12,,,typing
234,"What is the Greatest Common Factor of 10 and 120?",10,,,,12,,,typing
235,"What is the Greatest Common Factor of 40 and 39?",1,,,,12,,,typing
236,"What is the Greatest Common Factor of 33 and 77?",11,,,,12,,,typing
237,"What is the Greatest Common Factor of 56 and 91?",7,,,,12,,,typing
238,"What is the Greatest Common Factor of 44 and 55?",11,,,,12,,,typing
239,"What is the Greatest Common Factor of 114 and 12?",6,,,,12,,,typing
240,"What is the Greatest Common Factor of 63 and 117?",9,,,,12,,,typing
241,"What is the Greatest Common Factor of 35 and 40?",5,,,,12,,,typing
242,"What is the Greatest Common Factor of 60 and 12?",12,,,,12,,,typing
243,"What is the Greatest Common Factor of 68 and 112?",4,,,,12,,,typing
244,"What is the Greatest Common Factor of 30 and 27?",3,,,,12,,,typing
245,"What is the Greatest Common Factor of 55 and 40?",5,,,,12,,,typing
246,"What is the Greatest Common Factor of 108 and 45?",9,,,,12,,,typing
247,"What is the Greatest Common Factor of 27 and 36?",9,,,,12,,,typing
248,"What is the Greatest Common Factor of 48 and 93?",3,,,,12,,,typing
249,"What is the Greatest Common Factor of 57 and 69?",3,,,,12,,,typing
250,"What is the Greatest Common Factor of 60 and 24?",12,,,,12,,,typing
251,"What is the Greatest Common Factor of 39 and 36?",3,,,,12,,,typing
252,"What is the Greatest Common Factor of 119 and 98?",7,,,,12,,,typing
253,"What is the Greatest Common Factor of 96 and 70?",2,,,,12,,,typing
254,"What is the Greatest Common Factor of 64 and 88?",8,,,,12,,,typing
255,"What is the Greatest Common Factor of 24 and 76?",4,,,,12,,,typing
256,"What is the Greatest Common Factor of 36 and 46?",2,,,,12,,,typing
257,"What is the Greatest Common Factor of 114 and 84?",6,,,,12,,,typing
258,"What is the Greatest Common Factor of 111 and 12?",3,,,,12,,,typing
259,"What is the Greatest Common Factor of 111 and 81?",3,,,,12,,,typing
260,"What is the Greatest Common Factor of 11 and 44?",11,,,,12,,,typing
261,"What is the Greatest Common Factor of 12 and 105?",3,,,,12,,,typing
262,"What is the Greatest Common Factor of 90 and 81?",9,,,,12,,,typing
263,"What is the Greatest Common Factor of 74 and 107?",1,,,,12,,,typing
264,"What is the Greatest Common Factor of 42 and 31?",1,,,,12,,,typing
265,"What is the Greatest Common Factor of 27 and 36?",9,,,,12,,,typing
266,"What is the Greatest Common Factor of 115 and 35?",5,,,,12,,,typing
267,"What is the Greatest Common Factor of 11 and 77?",11,,,,12,,,typing
268,"What is the Greatest Common Factor of 73 and 92?",1,,,,12,,,typing
269,"What is the Greatest Common Factor of 110 and 30?",10,,,,12,,,typing
270,"What is the Greatest Common Factor of 81 and 117?",9,,,,12,,,typing
271,"What is the Greatest Common Factor of 40 and 48?",8,,,,12,,,typing
272,"What is the Greatest Common Factor of 28 and 64?",4,,,,12,,,typing
273,"What is the Greatest Common Factor of 77 and 88?",11,,,,12,,,typing
274,"What is the Greatest Common Factor of 77 and 115?",1,,,,12,,,typing
275,"What is the Greatest Common Factor of 57 and 84?",3,,,,12,,,typing
276,"What is the Greatest Common Factor of 18 and 117?",9,,,,12,,,typing
277,"What is the Greatest Common Factor of 51 and 84?",3,,,,12,,,typing
278,"What is the Greatest Common Factor of 40 and 85?",5,,,,12,,,typing
279,"What is the Greatest Common Factor of 39 and 42?",3,,,,12,,,typing
280,"What is the Greatest Common Factor of 32 and 55?",1,,,,12,,,typing
281,"What is the Greatest Common Factor of 115 and 80?",5,,,,12,,,typing
282,"What is the Greatest Common Factor of 108 and 56?",4,,,,12,,,typing
283,"What is the Greatest Common Factor of 77 and 55?",11,,,,12,,,typing
284,"What is the Greatest Common Factor of 16 and 53?",1,,,,12,,,typing
285,"What is the Greatest Common Factor of 48 and 56?",8,,,,12,,,typing
286,"What is the Greatest Common Factor of 115 and 55?",5,,,,12,,,typing
287,"What is the Greatest Common Factor of 110 and 90?",10,,,,12,,,typing
288,"What is the Greatest Common Factor of 93 and 48?",3,,,,12,,,typing
289,"What is the Greatest Common Factor of 21 and 120?",3,,,,12,,,typing
290,"What is the Greatest Common Factor of 81 and 45?",9,,,,12,,,typing
291,"What is the Greatest Common Factor of 114 and 90?",6,,,,12,,,typing
292,"What is the Greatest Common Factor of 22 and 18?",2,,,,12,,,typing
293,"What is the Greatest Common Factor of 12 and 72?",12,,,,12,,,typing
294,"What is the Greatest Common Factor of 102 and 20?",2,,,,12,,,typing
295,"What is the Greatest Common Factor of 48 and 104?",8,,,,12,,,typing
296,"What is the Greatest Common Factor of 11 and 77?",11,,,,12,,,typing
297,"What is the Greatest Common Factor of 108 and 96?",12,,,,12,,,typing
298,"What is the Greatest Common Factor of 33 and 77?",11,,,,12,,,typing
299,"What is the Greatest Common Factor of 94 and 52?",2,,,,12,,,typing
300,"What is the Greatest Common Factor of 97 and 35?",1,,,,12,,,typing
301,"What is the Greatest Common Factor of 99 and 27?",9,,,,12,,,typing
302,"What is the Greatest Common Factor of 42 and 72?",6,,,,12,,,typing
303,"What is the Greatest Common Factor of 48 and 42?",6,,,,12,,,typing
304,"What is the Greatest Common Factor of 15 and 111?",3,,,,12,,,typing
305,"What is the Greatest Common Factor of 36 and 24?",12,,,,12,,,typing
306,"What is the Greatest Common Factor of 42 and 119?",7,,,,12,,,typing
307,"What is the Greatest Common Factor of 50 and 64?",2,,,,12,,,typing
308,"What is the Greatest Common Factor of 65 and 30?",5,,,,12,,,typing
309,"What is the Greatest Common Factor of 99 and 88?",11,,,,12,,,typing
310,"What is the Greatest Common Factor of 115 and 120?",5,,,,12,,,typing
311,"What is the Greatest Common Factor of 108 and 12?",12,,,,12,,,typing
312,"What is the Greatest Common Factor of 87 and 84?",3,,,,12,,,typing
313,"What is the Greatest Common Factor of 100 and 30?",10,,,,12,,,typing
314,"What is the Greatest Common Factor of 20 and 10?",10,,,,12,,,typing
315,"What is the Greatest Common Factor of 93 and 90?",3,,,,12,,,typing
316,"What is the Greatest Common Factor of 106 and 56?",2,,,,12,,,typing
317,"What is the Greatest Common Factor of 70 and 110?",10,,,,12,,,typing
318,"What is the Greatest Common Factor of 72 and 81?",9,,,,12,,,typing
319,"What is the Greatest Common Factor of 56 and 32?",8,,,,12,,,typing
320,"What is the Greatest Common Factor of 65 and 90?",5,,,,12,,,typing
321,"What is the Greatest Common Factor of 105 and 110?",5,,,,12,,,typing
322,"What is the Greatest Common Factor of 108 and 117?",9,,,,12,,,typing
323,"What is the Greatest Common Factor of 27 and 99?",9,,,,12,,,typing
324,"What is the Greatest Common Factor of 45 and 63?",9,,,,12,,,typing
325,"What is the Greatest Common Factor of 81 and 90?",9,,,,12,,,typing
326,"What is the Greatest Common Factor of 63 and 14?",7,,,,12,,,typing
327,"What is the Greatest Common Factor of 105 and 14?",7,,,,12,,,typing
328,"What is the Greatest Common Factor of 64 and 24?",8,,,,12,,,typing
329,"What is the Greatest Common Factor of 51 and 12?",3,,,,12,,,typing
330,"What is the Greatest Common Factor of 72 and 60?",12,,,,12,,,typing
331,"What is the Greatest Common Factor of 22 and 77?",11,,,,12,,,typing
332,"What is the Greatest Common Factor of 119 and 105?",7,,,,12,,,typing
333,"What is the Greatest Common Factor of 84 and 72?",12,,,,12,,,typing
334,"What is the Greatest Common Factor of 12 and 36?",12,,,,12,,,typing
335,"What is the Greatest Common Factor of 112 and 21?",7,,,,12,,,typing
336,"What is the Greatest Common Factor of 12 and 96?",12,,,,12,,,typing
337,"What is the Greatest Common Factor of 76 and 46?",2,,,,12,,,typing
338,"What is the Greatest Common Factor of 114 and 96?",6,,,,12,,,typing
339,"What is the Greatest Common Factor of 95 and 100?",5,,,,12,,,typing
340,"What is the Greatest Common Factor of 110 and 77?",11,,,,12,,,typing
341,"What is the Greatest Common Factor of 85 and 25?",5,,,,12,,,typing
342,"What is the Greatest Common Factor of 64 and 40?",8,,,,12,,,typing
343,"What is the Greatest Common Factor of 95 and 105?",5,,,,12,,,typing
344,"What is the Greatest Common Factor of 66 and 90?",6,,,,12,,,typing
345,"What is the Greatest Common Factor of 88 and 104?",8,,,,12,,,typing
346,"What is the Greatest Common Factor of 12 and 15?",3,,,,12,,,typing
347,"What is the Greatest Common Factor of 42 and 48?",6,,,,12,,,typing
348,"What is the Greatest Common Factor of 12 and 75?",3,,,,12,,,typing
349,"What is the Greatest Common Factor of 50 and 115?",5,,,,12,,,typing
350,"What is the Greatest Common Factor of 70 and 15?",5,,,,12,,,typing
351,"What is the Greatest Common Factor of 50 and 70?",10,,,,12,,,typing
352,"What is the Greatest Common Factor of 72 and 99?",9,,,,12,,,typing
353,"What is the Greatest Common Factor of 45 and 95?",5,,,,12,,,typing
354,"What is the Greatest Common Factor of 110 and 70?",10,,,,12,,,typing
355,"What is the Greatest Common Factor of 87 and 12?",3,,,,12,,,typing
356,"What is the Greatest Common Factor of 100 and 70?",10,,,,12,,,typing
357,"What is the Greatest Common Factor of 49 and 35?",7,,,,12,,,typing
358,"What is the Greatest Common Factor of 63 and 36?",9,,,,12,,,typing
359,"What is the Greatest Common Factor of 18 and 27?",9,,,,12,,,typing
360,"What is the Greatest Common Factor of 108 and 12?",12,,,,12,,,typing
361,"What is the Greatest Common Factor of 55 and 70?",5,,,,12,,,typing
362,"What is the Greatest Common Factor of 16 and 44?",4,,,,12,,,typing
363,"What is the Greatest Common Factor of 48 and 18?",6,,,,12,,,typing
364,"What is the Greatest Common Factor of 102 and 20?",2,,,,12,,,typing
365,"What is the Greatest Common Factor of 66 and 24?",6,,,,12,,,typing
366,"What is the Greatest Common Factor of 34 and 48?",2,,,,12,,,typing
367,"What is the Greatest Common Factor of 65 and 43?",1,,,,12,,,typing
368,"What is the Greatest Common Factor of 50 and 90?",10,,,,12,,,typing
369,"What is the Greatest Common Factor of 64 and 56?",8,,,,12,,,typing
370,"What is the Greatest Common Factor of 60 and 95?",5,,,,12,,,typing
371,"What is the Greatest Common Factor of 48 and 88?",8,,,,12,,,typing
372,"What is the Greatest Common Factor of 36 and 51?",3,,,,12,,,typing
373,"What is the Greatest Common Factor of 68 and 108?",4,,,,12,,,typing
374,"What is the Greatest Common Factor of 68 and 44?",4,,,,12,,,typing
375,"What is the Greatest Common Factor of 120 and 84?",12,,,,12,,,typing
376,"What is the Greatest Common Factor of 115 and 100?",5,,,,12,,,typing
377,"What is the Greatest Common Factor of 44 and 99?",11,,,,12,,,typing
378,"What is the Greatest Common Factor of 119 and 12?",1,,,,12,,,typing
379,"What is the Greatest Common Factor of 120 and 104?",8,,,,12,,,typing
380,"What is the Greatest Common Factor of 15 and 65?",5,,,,12,,,typing
381,"What is the Greatest Common Factor of 72 and 112?",8,,,,12,,,typing
382,"What is the Greatest Common Factor of 64 and 44?",4,,,,12,,,typing
383,"What is the Greatest Common Factor of 52 and 32?",4,,,,12,,,typing
384,"What is the Greatest Common Factor of 87 and 75?",3,,,,12,,,typing
385,"What is the Greatest Common Factor of 36 and 57?",3,,,,12,,,typing
386,"What is the Greatest Common Factor of 66 and 11?",11,,,,12,,,typing
387,"What is the Greatest Common Factor of 14 and 49?",7,,,,12,,,typing
388,"What is the Greatest Common Factor of 55 and 22?",11,,,,12,,,typing
389,"What is the Greatest Common Factor of 84 and 12?",12,,,,12,,,typing
390,"What is the Greatest Common Factor of 30 and 36?",6,,,,12,,,typing
391,"What is the Greatest Common Factor of 55 and 25?",5,,,,12,,,typing
392,"What is the Greatest Common Factor of 117 and 18?",9,,,,12,,,typing
393,"What is the Greatest Common Factor of 54 and 30?",6,,,,12,,,typing
394,"What is the Greatest Common Factor of 70 and 96?",2,,,,12,,,typing
395,"What is the Greatest Common Factor of 12 and 96?",12,,,,12,,,typing
396,"What is the Greatest Common Factor of 80 and 15?",5,,,,12,,,typing
397,"What is the Greatest Common Factor of 91 and 119?",7,,,,12,,,typing
398,"What is the Greatest Common Factor of 45 and 27?",9,,,,12,,,typing
399,"What is the Greatest Common Factor of 22 and 55?",11,,,,12,,,typing
400,"What is the Greatest Common Factor of 112 and 44?",4,,,,12,,,typing
401,"What is the Greatest Common Factor of 57 and 87?",3,,,,12,,,typing
402,"What is the Greatest Common Factor of 26 and 88?",2,,,,12,,,typing
403,"What is the Greatest Common Factor of 55 and 53?",1,,,,12,,,typing
404,"What is the Greatest Common Factor of 60 and 36?",12,,,,12,,,typing
405,"What is the Greatest Common Factor of 60 and 12?",12,,,,12,,,typing
406,"What is the Greatest Common Factor of 108 and 99?",9,,,,12,,,typing
407,"What is the Greatest Common Factor of 14 and 24?",2,,,,12,,,typing
408,"What is the Greatest Common Factor of 75 and 54?",3,,,,12,,,typing
409,"What is the Greatest Common Factor of 77 and 56?",7,,,,12,,,typing
410,"What is the Greatest Common Factor of 84 and 108?",12,,,,12,,,typing
411,"What is the Greatest Common Factor of 99 and 90?",9,,,,12,,,typing
412,"What is the Greatest Common Factor of 90 and 10?",10,,,,12,,,typing
413,"What is the Greatest Common Factor of 85 and 37?",1,,,,12,,,typing
414,"What is the Greatest Common Factor of 36 and 69?",3,,,,12,,,typing
415,"What is the Greatest Common Factor of 108 and 16?",4,,,,12,,,typing
416,"What is the Greatest Common Factor of 23 and 26?",1,,,,12,,,typing
417,"What is the Greatest Common Factor of 27 and 72?",9,,,,12,,,typing
418,"What is the Greatest Common Factor of 39 and 120?",3,,,,12,,,typing
419,"What is the Greatest Common Factor of 78 and 84?",6,,,,12,,,typing
420,"What is the Greatest Common Factor of 102 and 30?",6,,,,12,,,typing
421,"What is the Greatest Common Factor of 60 and 24?",12,,,,12,,,typing
422,"What is the Greatest Common Factor of 57 and 117?",3,,,,12,,,typing
423,"What is the Greatest Common Factor of 99 and 108?",9,,,,12,,,typing
424,"What is the Greatest Common Factor of 60 and 72?",12,,,,12,,,typing
425,"What is the Greatest Common Factor of 77 and 110?",11,,,,12,,,typing
426,"What is the Greatest Common Factor of 102 and 84?",6,,,,12,,,typing
427,"What is the Greatest Common Factor of 95 and 45?",5,,,,12,,,typing
428,"What is the Greatest Common Factor of 55 and 85?",5,,,,12,,,typing
429,"What is the Greatest Common Factor of 119 and 98?",7,,,,12,,,typing
430,"What is the Greatest Common Factor of 60 and 88?",4,,,,12,,,typing
431,"What is the Greatest Common Factor of 31 and 53?",1,,,,12,,,typing
432,"What is the Greatest Common Factor of 63 and 56?",7,,,,12,,,typing
433,"What is the Greatest Common Factor of 93 and 63?",3,,,,12,,,typing
434,"What is the Greatest Common Factor of 33 and 11?",11,,,,12,,,typing
435,"What is the Greatest Common Factor of 100 and 65?",5,,,,12,,,typing
436,"What is the Greatest Common Factor of 49 and 64?",1,,,,12,,,typing
437,"What is the Greatest Common Factor of 100 and 12?",4,,,,12,,,typing
438,"What is the Greatest Common Factor of 104 and 20?",4,,,,12,,,typing
439,"What is the Greatest Common Factor of 117 and 18?",9,,,,12,,,typing
440,"What is the Greatest Common Factor of 22 and 55?",11,,,,12,,,typing
441,"What is the Greatest Common Factor of 96 and 36?",12,,,,12,,,typing
442,"What is the Greatest Common Factor of 99 and 108?",9,,,,12,,,typing
443,"What is the Greatest Common Factor of 104 and 96?",8,,,,12,,,typing
444,"What is the Greatest Common Factor of 65 and 70?",5,,,,12,,,typing
445,"What is the Greatest Common Factor of 18 and 85?",1,,,,12,,,typing
446,"What is the Greatest Common Factor of 110 and 70?",10,,,,12,,,typing
447,"What is the Greatest Common Factor of 32 and 104?",8,,,,12,,,typing
448,"What is the Greatest Common Factor of 87 and 25?",1,,,,12,,,typing
449,"What is the Greatest Common Factor of 84 and 36?",12,,,,12,,,typing
450,"What is the Greatest Common Factor of 70 and 21?",7,,,,12,,,typing
451,"What is the Greatest Common Factor of 79 and 31?",1,,,,12,,,typing
452,"What is the Greatest Common Factor of 102 and 114?",6,,,,12,,,typing
453,"What is the Greatest Common Factor of 76 and 24?",4,,,,12,,,typing
454,"What is the Greatest Common Factor of 96 and 102?",6,,,,12,,,typing
455,"What is the Greatest Common Factor of 84 and 72?",12,,,,12,,,typing
456,"What is the Greatest Common Factor of 11 and 66?",11,,,,12,,,typing
457,"What is the Greatest Common Factor of 33 and 11?",11,,,,12,,,typing
458,"What is the Greatest Common Factor of 100 and 15?",5,,,,12,,,typing
459,"What is the Greatest Common Factor of 99 and 72?",9,,,,12,,,typing
460,"What is the Greatest Common Factor of 66 and 11?",11,,,,12,,,typing
461,"What is the Greatest Common Factor of 70 and 30?",10,,,,12,,,typing
462,"What is the Greatest Common Factor of 90 and 48?",6,,,,12,,,typing
463,"What is the Greatest Common Factor of 40 and 32?",8,,,,12,,,typing
464,"What is the Greatest Common Factor of 78 and 21?",3,,,,12,,,typing
465,"What is the Greatest Common Factor of 103 and 53?",1,,,,12,,,typing
466,"What is the Greatest Common Factor of 108 and 96?",12,,,,12,,,typing
467,"What is the Greatest Common Factor of 104 and 36?",4,,,,12,,,typing
468,"What is the Greatest Common Factor of 117 and 12?",3,,,,12,,,typing
469,"What is the Greatest Common Factor of 38 and 106?",2,,,,12,,,typing
470,"What is the Greatest Common Factor of 48 and 108?",12,,,,12,,,typing
471,"What is the Greatest Common Factor of 87 and 12?",3,,,,12,,,typing
472,"What is the Greatest Common Factor of 42 and 117?",3,,,,12,,,typing
473,"What is the Greatest Common Factor of 112 and 40?",8,,,,12,,,typing
474,"What is the Greatest Common Factor of 90 and 100?",10,,,,12,,,typing
475,"What is the Greatest Common Factor of 57 and 24?",3,,,,12,,,typing
476,"What is the Greatest Common Factor of 82 and 79?",1,,,,12,,,typing
477,"What is the Greatest Common Factor of 119 and 105?",7,,,,12,,,typing
478,"What is the Greatest Common Factor of 114 and 120?",6,,,,12,,,typing
479,"What is the Greatest Common Factor of 96 and 36?",12,,,,12,,,typing
480,"What is the Greatest Common Factor of 55 and 20?",5,,,,12,,,typing
481,"What is the Greatest Common Factor of 42 and 90?",6,,,,12,,,typing
482,"What is the Greatest Common Factor of 50 and 30?",10,,,,12,,,typing
483,"What is the Greatest Common Factor of 84 and 24?",12,,,,12,,,typing
484,"What is the Greatest Common Factor of 88 and 84?",4,,,,12,,,typing
485,"What is the Greatest Common Factor of 77 and 66?",11,,,,12,,,typing
486,"What is the Greatest Common Factor of 98 and 77?",7,,,,12,,,typing
487,"What is the Greatest Common Factor of 14 and 116?",2,,,,12,,,typing
488,"What is the Greatest Common Factor of 66 and 36?",6,,,,12,,,typing
489,"What is the Greatest Common Factor of 120 and 56?",8,,,,12,,,typing
490,"What is the Greatest Common Factor of 84 and 76?",4,,,,12,,,typing
491,"What is the Greatest Common Factor of 84 and 93?",3,,,,12,,,typing
492,"What is the Greatest Common Factor of 98 and 38?",2,,,,12,,,typing
493,"What is the Greatest Common Factor of 108 and 44?",4,,,,12,,,typing
494,"What is the Greatest Common Factor of 50 and 20?",10,,,,12,,,typing
495,"What is the Greatest Common Factor of 100 and 64?",4,,,,12,,,typing
496,"What is the Greatest Common Factor of 15 and 115?",5,,,,12,,,typing
497,"What is the Greatest Common Factor of 21 and 35?",7,,,,12,,,typing
498,"What is the Greatest Common Factor of 44 and 72?",4,,,,12,,,typing
499,"What is the Greatest Common Factor of 30 and 66?",6,,,,12,,,typing
500,"What is the Greatest Common Factor of 94 and 104?",2,,,,12,,,typing
501,"What is the Greatest Common Factor of 77 and 84?",7,,,,12,,,typing
502,"What is the Greatest Common Factor of 80 and 90?",10,,,,12,,,typing
503,"What is the Greatest Common Factor of 15 and 35?",5,,,,12,,,typing
504,"What is the Greatest Common Factor of 48 and 102?",6,,,,12,,,typing
505,"What is the Greatest Common Factor of 88 and 80?",8,,,,12,,,typing
506,"What is the Greatest Common Factor of 78 and 94?",2,,,,12,,,typing
507,"What is the Greatest Common Factor of 63 and 36?",9,,,,12,,,typing
508,"What is the Greatest Common Factor of 117 and 108?",9,,,,12,,,typing
509,"What is the Greatest Common Factor of 87 and 57?",3,,,,12,,,typing
510,"What is the Greatest Common Factor of 30 and 10?",10,,,,12,,,typing
511,"What is the Greatest Common Factor of 55 and 22?",11,,,,12,,,typing
512,"What is the Greatest Common Factor of 12 and 45?",3,,,,12,,,typing
513,"What is the Greatest Common Factor of 48 and 108?",12,,,,12,,,typing
514,"What is the Greatest Common Factor of 98 and 117?",1,,,,12,,,typing
515,"What is the Greatest Common Factor of 56 and 80?",8,,,,12,,,typing
516,"What is the Greatest Common Factor of 18 and 24?",6,,,,12,,,typing
517,"What is the Greatest Common Factor of 88 and 11?",11,,,,12,,,typing
518,"What is the Greatest Common Factor of 42 and 36?",6,,,,12,,,typing
519,"What is the Greatest Common Factor of 105 and 95?",5,,,,12,,,typing
520,"What is the Greatest Common Factor of 72 and 84?",12,,,,12,,,typing
521,"What is the Greatest Common Factor of 48 and 78?",6,,,,12,,,typing
522,"What is the Greatest Common Factor of 110 and 77?",11,,,,12,,,typing
523,"What is the Greatest Common Factor of 108 and 12?",12,,,,12,,,typing
524,"What is the Greatest Common Factor of 70 and 65?",5,,,,12,,,typing
525,"What is the Greatest Common Factor of 30 and 72?",6,,,,12,,,typing
526,"What is the Greatest Common Factor of 82 and 19?",1,,,,12,,,typing
527,"What is the Greatest Common Factor of 54 and 42?",6,,,,12,,,typing
528,"What is the Greatest Common Factor of 65 and 45?",5,,,,12,,,typing
529,"What is the Greatest Common Factor of 24 and 102?",6,,,,12,,,typing
530,"What is the Greatest Common Factor of 60 and 76?",4,,,,12,,,typing
531,"What is the Greatest Common Factor of 118 and 85?",1,,,,12,,,typing
532,"What is the Greatest Common Factor of 35 and 28?",7,,,,12,,,typing
533,"What is the Greatest Common Factor of 33 and 114?",3,,,,12,,,typing
534,"What is the Greatest Common Factor of 102 and 99?",3,,,,12,,,typing
535,"What is the Greatest Common Factor of 72 and 99?",9,,,,12,,,typing
536,"What is the Greatest Common Factor of 115 and 35?",5,,,,12,,,typing
537,"What is the Greatest Common Factor of 75 and 10?",5,,,,12,,,typing
538,"What is the Greatest Common Factor of 29 and 42?",1,,,,12,,,typing
539,"What is the Greatest Common Factor of 30 and 70?",10,,,,12,,,typing
540,"What is the Greatest Common Factor of 117 and 90?",9,,,,12,,,typing
541,"What is the Greatest Common Factor of 14 and 62?",2,,,,12,,,typing
542,"What is the Greatest Common Factor of 42 and 81?",3,,,,12,,,typing
543,"What is the Greatest Common Factor of 99 and 88?",11,,,,12,,,typing
544,"What is the Greatest Common Factor of 95 and 79?",1,,,,12,,,typing
545,"What is the Greatest Common Factor of 30 and 78?",6,,,,12,,,typing
546,"What is the Greatest Common Factor of 54 and 63?",9,,,,12,,,typing
547,"What is the Greatest Common Factor of 99 and 55?",11,,,,12,,,typing
548,"What is the Greatest Common Factor of 30 and 95?",5,,,,12,,,typing
549,"What is the Greatest Common Factor of 12 and 20?",4,,,,12,,,typing
550,"What is the Greatest Common Factor of 99 and 77?",11,,,,12,,,typing
551,"What is the Greatest Common Factor of 88 and 55?",11,,,,12,,,typing
552,"What is the Greatest Common Factor of 98 and 13?",1,,,,12,,,typing
553,"What is the Greatest Common Factor of 33 and 42?",3,,,,12,,,typing
554,"What is the Greatest Common Factor of 56 and 88?",8,,,,12,,,typing
555,"What is the Greatest Common Factor of 12 and 58?",2,,,,12,,,typing
556,"What is the Greatest Common Factor of 24 and 56?",8,,,,12,,,typing
557,"What is the Greatest Common Factor of 72 and 99?",9,,,,12,,,typing
558,"What is the Greatest Common Factor of 63 and 45?",9,,,,12,,,typing
559,"What is the Greatest Common Factor of 53 and 35?",1,,,,12,,,typing
560,"What is the Greatest Common Factor of 82 and 98?",2,,,,12,,,typing
561,"What is the Greatest Common Factor of 22 and 11?",11,,,,12,,,typing
562,"What is the Greatest Common Factor of 44 and 71?",1,,,,12,,,typing
563,"What is the Greatest Common Factor of 120 and 10?",10,,,,12,,,typing
564,"What is the Greatest Common Factor of 25 and 115?",5,,,,12,,,typing
565,"What is the Greatest Common Factor of 105 and 14?",7,,,,12,,,typing
566,"What is the Greatest Common Factor of 49 and 105?",7,,,,12,,,typing
567,"What is the Greatest Common Factor of 54 and 117?",9,,,,12,,,typing
568,"What is the Greatest Common Factor of 12 and 24?",12,,,,12,,,typing
569,"What is the Greatest Common Factor of 104 and 45?",1,,,,12,,,typing
570,"What is the Greatest Common Factor of 84 and 120?",12,,,,12,,,typing
571,"What is the Greatest Common Factor of 34 and 56?",2,,,,12,,,typing
572,"What is the Greatest Common Factor of 50 and 14?",2,,,,12,,,typing
573,"What is the Greatest Common Factor of 70 and 78?",2,,,,12,,,typing
574,"What is the Greatest Common Factor of 91 and 119?",7,,,,12,,,typing
575,"What is the Greatest Common Factor of 39 and 99?",3,,,,12,,,typing
576,"What is the Greatest Common Factor of 113 and 80?",1,,,,12,,,typing
577,"What is the Greatest Common Factor of 68 and 20?",4,,,,12,,,typing
578,"What is the Greatest Common Factor of 30 and 102?",6,,,,12,,,typing
579,"What is the Greatest Common Factor of 19 and 56?",1,,,,12,,,typing
580,"What is the Greatest Common Factor of 57 and 108?",3,,,,12,,,typing
581,"What is the Greatest Common Factor of 102 and 12?",6,,,,12,,,typing
582,"What is the Greatest Common Factor of 18 and 60?",6,,,,12,,,typing
583,"What is the Greatest Common Factor of 64 and 104?",8,,,,12,,,typing
584,"What is the Greatest Common Factor of 16 and 24?",8,,,,12,,,typing
585,"What is the Greatest Common Factor of 30 and 114?",6,,,,12,,,typing
586,"What is the Greatest Common Factor of 78 and 96?",6,,,,12,,,typing
587,"What is the Greatest Common Factor of 50 and 10?",10,,,,12,,,typing
588,"What is the Greatest Common Factor of 62 and 43?",1,,,,12,,,typing
589,"What is the Greatest Common Factor of 52 and 56?",4,,,,12,,,typing
590,"What is the Greatest Common Factor of 68 and 82?",2,,,,12,,,typing
591,"What is the Greatest Common Factor of 84 and 78?",6,,,,12,,,typing
592,"What is the Greatest Common Factor of 100 and 35?",5,,,,12,,,typing
593,"What is the Greatest Common Factor of 20 and 90?",10,,,,12,,,typing
594,"What is the Greatest Common Factor of 93 and 53?",1,,,,12,,,typing
595,"What is the Greatest Common Factor of 105 and 28?",7,,,,12,,,typing
596,"What is the Greatest Common Factor of 80 and 12?",4,,,,12,,,typing
597,"What is the Greatest Common Factor of 44 and 74?",2,,,,12,,,typing
598,"What is the Greatest Common Factor of 120 and 78?",6,,,,12,,,typing
599,"What is the Greatest Common Factor of 21 and 66?",3,,,,12,,,typing
600,"What is the Greatest Common Factor of 76 and 82?",2,,,,12,,,typing
601,"What is the Greatest Common Factor of 84 and 36?",12,,,,12,,,typing
602,"What is the Greatest Common Factor of 110 and 33?",11,,,,12,,,typing
603,"What is the Greatest Common Factor of 77 and 84?",7,,,,12,,,typing
604,"What is the Greatest Common Factor of 72 and 56?",8,,,,12,,,typing
605,"What is the Greatest Common Factor of 52 and 42?",2,,,,12,,,typing
606,"What is the Greatest Common Factor of 14 and 38?",2,,,,12,,,typing
607,"What is the Greatest Common Factor of 66 and 108?",6,,,,12,,,typing
608,"What is the Greatest Common Factor of 85 and 45?",5,,,,12,,,typing
609,"What is the Greatest Common Factor of 80 and 115?",5,,,,12,,,typing
610,"What is the Greatest Common Factor of 44 and 55?",11,,,,12,,,typing
611,"What is the Greatest Common Factor of 48 and 36?",12,,,,12,,,typing
612,"What is the Greatest Common Factor of 108 and 120?",12,,,,12,,,typing
613,"What is the Greatest Common Factor of 14 and 49?",7,,,,12,,,typing
614,"What is the Greatest Common Factor of 84 and 108?",12,,,,12,,,typing
615,"What is the Greatest Common Factor of 84 and 72?",12,,,,12,,,typing
616,"What is the Greatest Common Factor of 64 and 120?",8,,,,12,,,typing
617,"What is the Greatest Common Factor of 98 and 110?",2,,,,12,,,typing
618,"What is the Greatest Common Factor of 77 and 118?",1,,,,12,,,typing
619,"What is the Greatest Common Factor of 95 and 115?",5,,,,12,,,typing
620,"What is the Greatest Common Factor of 104 and 28?",4,,,,12,,,typing
621,"What is the Greatest Common Factor of 84 and 39?",3,,,,12,,,typing
622,"What is the Greatest Common Factor of 15 and 80?",5,,,,12,,,typing
623,"What is the Greatest Common Factor of 60 and 110?",10,,,,12,,,typing
624,"What is the Greatest Common Factor of 36 and 111?",3,,,,12,,,typing
625,"What is the Greatest Common Factor of 77 and 22?",11,,,,12,,,typing
626,"What is the Greatest Common Factor of 45 and 81?",9,,,,12,,,typing
627,"What is the Greatest Common Factor of 78 and 24?",6,,,,12,,,typing
628,"What is the Greatest Common Factor of 92 and 120?",4,,,,12,,,typing
629,"What is the Greatest Common Factor of 34 and 26?",2,,,,12,,,typing
630,"What is the Greatest Common Factor of 106 and 90?",2,,,,12,,,typing
631,"What is the Greatest Common Factor of 55 and 11?",11,,,,12,,,typing
632,"What is the Greatest Common Factor of 120 and 65?",5,,,,12,,,typing
633,"What is the Greatest Common Factor of 96 and 104?",8,,,,12,,,typing
634,"What is the Greatest Common Factor of 18 and 76?",2,,,,12,,,typing
635,"What is the Greatest Common Factor of 96 and 90?",6,,,,12,,,typing
636,"What is the Greatest Common Factor of 100 and 85?",5,,,,12,,,typing
637,"What is the Greatest Common Factor of 117 and 57?",3,,,,12,,,typing
638,"What is the Greatest Common Factor of 30 and 110?",10,,,,12,,,typing
639,"What is the Greatest Common Factor of 12 and 72?",12,,,,12,,,typing
640,"What is the Greatest Common Factor of 119 and 105?",7,,,,12,,,typing
641,"What is the Greatest Common Factor of 102 and 72?",6,,,,12,,,typing
642,"What is the Greatest Common Factor of 108 and 24?",12,,,,12,,,typing
643,"What is the Greatest Common Factor of 56 and 20?",4,,,,12,,,typing
644,"What is the Greatest Common Factor of 81 and 14?",1,,,,12,,,typing
645,"What is the Greatest Common Factor of 110 and 45?",5,,,,12,,,typing
646,"What is the Greatest Common Factor of 95 and 80?",5,,,,12,,,typing
647,"What is the Greatest Common Factor of 92 and 22?",2,,,,12,,,typing
648,"What is the Greatest Common Factor of 18 and 117?",9,,,,12,,,typing
649,"What is the Greatest Common Factor of 60 and 110?",10,,,,12,,,typing
650,"What is the Greatest Common Factor of 64 and 24?",8,,,,12,,,typing
651,"What is the Greatest Common Factor of 54 and 58?",2,,,,12,,,typing
652,"What is the Greatest Common Factor of 40 and 115?",5,,,,12,,,typing
653,"What is the Greatest Common Factor of 100 and 110?",10,,,,12,,,typing
654,"What is the Greatest Common Factor of 36 and 40?",4,,,,12,,,typing
655,"What is the Greatest Common Factor of 90 and 20?",10,,,,12,,,typing
656,"What is the Greatest Common Factor of 112 and 40?",8,,,,12,,,typing
657,"What is the Greatest Common Factor of 77 and 35?",7,,,,12,,,typing
658,"What is the Greatest Common Factor of 38 and 22?",2,,,,12,,,typing
659,"What is the Greatest Common Factor of 112 and 21?",7,,,,12,,,typing
660,"What is the Greatest Common Factor of 50 and 90?",10,,,,12,,,typing
661,"What is the Greatest Common Factor of 45 and 18?",9,,,,12,,,typing
662,"What is the Greatest Common Factor of 78 and 114?",6,,,,12,,,typing
663,"What is the Greatest Common Factor of 110 and 30?",10,,,,12,,,typing
664,"What is the Greatest Common Factor of 66 and 18?",6,,,,12,,,typing
665,"What is the Greatest Common Factor of 56 and 30?",2,,,,12,,,typing
666,"What is the Greatest Common Factor of 77 and 70?",7,,,,12,,,typing
667,"What is the Greatest Common Factor of 12 and 40?",4,,,,12,,,typing
668,"What is the Greatest Common Factor of 72 and 52?",4,,,,12,,,typing
669,"What is the Greatest Common Factor of 10 and 50?",10,,,,12,,,typing
670,"What is the Greatest Common Factor of 76 and 48?",4,,,,12,,,typing
671,"What is the Greatest Common Factor of 72 and 32?",8,,,,12,,,typing
672,"What is the Greatest Common Factor of 94 and 20?",2,,,,12,,,typing
673,"What is the Greatest Common Factor of 69 and 45?",3,,,,12,,,typing
674,"What is the Greatest Common Factor of 119 and 56?",7,,,,12,,,typing
675,"What is the Greatest Common Factor of 84 and 66?",6,,,,12,,,typing
676,"What is the Greatest Common Factor of 110 and 120?",10,,,,12,,,typing
677,"What is the Greatest Common Factor of 68 and 36?",4,,,,12,,,typing
678,"What is the Greatest Common Factor of 24 and 12?",12,,,,12,,,typing
679,"What is the Greatest Common Factor of 85 and 55?",5,,,,12,,,typing
680,"What is the Greatest Common Factor of 110 and 90?",10,,,,12,,,typing
681,"What is the Greatest Common Factor of 11 and 99?",11,,,,12,,,typing
682,"What is the Greatest Common Factor of 99 and 108?",9,,,,12,,,typing
683,"What is the Greatest Common Factor of 99 and 88?",11,,,,12,,,typing
684,"What is the Greatest Common Factor of 24 and 76?",4,,,,12,,,typing
685,"What is the Greatest Common Factor of 80 and 104?",8,,,,12,,,typing
686,"What is the Greatest Common Factor of 88 and 120?",8,,,,12,,,typing
687,"What is the Greatest Common Factor of 42 and 72?",6,,,,12,,,typing
688,"What is the Greatest Common Factor of 63 and 45?",9,,,,12,,,typing
689,"What is the Greatest Common Factor of 33 and 24?",3,,,,12,,,typing
690,"What is the Greatest Common Factor of 70 and 119?",7,,,,12,,,typing
691,"What is the Greatest Common Factor of 80 and 90?",10,,,,12,,,typing
692,"What is the Greatest Common Factor of 16 and 56?",8,,,,12,,,typing
693,"What is the Greatest Common Factor of 30 and 20?",10,,,,12,,,typing
694,"What is the Greatest Common Factor of 99 and 90?",9,,,,12,,,typing
695,"What is the Greatest Common Factor of 84 and 60?",12,,,,12,,,typing
696,"What is the Greatest Common Factor of 39 and 60?",3,,,,12,,,typing
697,"What is the Greatest Common Factor of 87 and 24?",3,,,,12,,,typing
698,"What is the Greatest Common Factor of 44 and 77?",11,,,,12,,,typing
699,"What is the Greatest Common Factor of 84 and 120?",12,,,,12,,,typing
700,"What is the Greatest Common Factor of 15 and 43?",1,,,,12,,,typing
701,"What is the Greatest Common Factor of 118 and 72?",2,,,,12,,,typing
702,"What is the Greatest Common Factor of 65 and 50?",5,,,,12,,,typing
703,"What is the Greatest Common Factor of 55 and 80?",5,,,,12,,,typing
704,"What is the Greatest Common Factor of 80 and 104?",8,,,,12,,,typing
705,"What is the Greatest Common Factor of 44 and 76?",4,,,,12,,,typing
706,"What is the Greatest Common Factor of 60 and 12?",12,,,,12,,,typing
707,"What is the Greatest Common Factor of 12 and 108?",12,,,,12,,,typing
708,"What is the Greatest Common Factor of 82 and 36?",2,,,,12,,,typing
709,"What is the Greatest Common Factor of 57 and 51?",3,,,,12,,,typing
710,"What is the Greatest Common Factor of 117 and 58?",1,,,,12,,,typing
711,"What is the Greatest Common Factor of 54 and 30?",6,,,,12,,,typing
712,"What is the Greatest Common Factor of 76 and 42?",2,,,,12,,,typing
713,"What is the Greatest Common Factor of 114 and 93?",3,,,,12,,,typing
714,"What is the Greatest Common Factor of 35 and 42?",7,,,,12,,,typing
715,"What is the Greatest Common Factor of 119 and 14?",7,,,,12,,,typing
716,"What is the Greatest Common Factor of 101 and 52?",1,,,,12,,,typing
717,"What is the Greatest Common Factor of 33 and 55?",11,,,,12,,,typing
718,"What is the Greatest Common Factor of 116 and 46?",2,,,,12,,,typing
719,"What is the Greatest Common Factor of 56 and 96?",8,,,,12,,,typing
720,"What is the Greatest Common Factor of 11 and 110?",11,,,,12,,,typing
721,"What is the Greatest Common Factor of 100 and 70?",10,,,,12,,,typing
722,"What is the Greatest Common Factor of 99 and 36?",9,,,,12,,,typing
723,"What is the Greatest Common Factor of 63 and 90?",9,,,,12,,,typing
724,"What is the Greatest Common Factor of 21 and 98?",7,,,,12,,,typing
725,"What is the Greatest Common Factor of 96 and 104?",8,,,,12,,,typing
726,"What is the Greatest Common Factor of 36 and 24?",12,,,,12,,,typing
727,"What is the Greatest Common Factor of 75 and 84?",3,,,,12,,,typing
728,"What is the Greatest Common Factor of 100 and 110?",10,,,,12,,,typing
729,"What is the Greatest Common Factor of 100 and 15?",5,,,,12,,,typing
730,"What is the Greatest Common Factor of 108 and 74?",2,,,,12,,,typing
731,"What is the Greatest Common Factor of 85 and 120?",5,,,,12,,,typing
732,"What is the Greatest Common Factor of 108 and 12?",12,,,,12,,,typing
733,"What is the Greatest Common Factor of 36 and 24?",12,,,,12,,,typing
734,"What is the Greatest Common Factor of 30 and 100?",10,,,,12,,,typing
735,"What is the Greatest Common Factor of 20 and 85?",5,,,,12,,,typing
736,"What is the Greatest Common Factor of 117 and 72?",9,,,,12,,,typing
737,"What is the Greatest Common Factor of 18 and 120?",6,,,,12,,,typing
738,"What is the Greatest Common Factor of 50 and 60?",10,,,,12,,,typing
739,"What is the Greatest Common Factor of 112 and 49?",7,,,,12,,,typing
740,"What is the Greatest Common Factor of 84 and 87?",3,,,,12,,,typing
741,"What is the Greatest Common Factor of 52 and 108?",4,,,,12,,,typing
742,"What is the Greatest Common Factor of 40 and 30?",10,,,,12,,,typing
743,"What is the Greatest Common Factor of 35 and 42?",7,,,,12,,,typing
744,"What is the Greatest Common Factor of 111 and 20?",1,,,,12,,,typing
745,"What is the Greatest Common Factor of 12 and 66?",6,,,,12,,,typing
746,"What is the Greatest Common Factor of 120 and 102?",6,,,,12,,,typing
747,"What is the Greatest Common Factor of 120 and 10?",10,,,,12,,,typing
748,"What is the Greatest Common Factor of 72 and 76?",4,,,,12,,,typing
749,"What is the Greatest Common Factor of 112 and 105?",7,,,,12,,,typing
750,"What is the Greatest Common Factor of 110 and 99?",11,,,,12,,,typing
751,"What is the Greatest Common Factor of 50 and 88?",2,,,,12,,,typing
752,"What is the Greatest Common Factor of 106 and 63?",1,,,,12,,,typing
753,"What is the Greatest Common Factor of 45 and 95?",5,,,,12,,,typing
754,"What is the Greatest Common Factor of 31 and 106?",1,,,,12,,,typing
755,"What is the Greatest Common Factor of 24 and 12?",12,,,,12,,,typing
756,"What is the Greatest Common Factor of 80 and 50?",10,,,,12,,,typing
757,"What is the Greatest Common Factor of 63 and 35?",7,,,,12,,,typing
758,"What is the Greatest Common Factor of 55 and 115?",5,,,,12,,,typing
759,"What is the Greatest Common Factor of 120 and 64?",8,,,,12,,,typing
760,"What is the Greatest Common Factor of 108 and 63?",9,,,,12,,,typing
761,"What is the Greatest Common Factor of 33 and 88?",11,,,,12,,,typing
762,"What is the Greatest Common Factor of 18 and 81?",9,,,,12,,,typing
763,"What is the Greatest Common Factor of 99 and 90?",9,,,,12,,,typing
764,"What is the Greatest Common Factor of 45 and 111?",3,,,,12,,,typing
765,"What is the Greatest Common Factor of 84 and 91?",7,,,,12,,,typing
766,"What is the Greatest Common Factor of 112 and 44?",4,,,,12,,,typing
767,"What is the Greatest Common Factor of 99 and 54?",9,,,,12,,,typing
768,"What is the Greatest Common Factor of 75 and 51?",3,,,,12,,,typing
769,"What is the Greatest Common Factor of 12 and 20?",4,,,,12,,,typing
770,"What is the Greatest Common Factor of 114 and 120?",6,,,,12,,,typing
771,"What is the Greatest Common Factor of 86 and 26?",2,,,,12,,,typing
772,"What is the Greatest Common Factor of 24 and 60?",12,,,,12,,,typing
773,"What is the Greatest Common Factor of 115 and 90?",5,,,,12,,,typing
774,"What is the Greatest Common Factor of 57 and 48?",3,,,,12,,,typing
775,"What is the Greatest Common Factor of 120 and 54?",6,,,,12,,,typing
776,"What is the Greatest Common Factor of 64 and 40?",8,,,,12,,,typing
777,"What is the Greatest Common Factor of 84 and 96?",12,,,,12,,,typing
778,"What is the Greatest Common Factor of 116 and 24?",4,,,,12,,,typing
779,"What is the Greatest Common Factor of 112 and 72?",8,,,,12,,,typing
780,"What is the Greatest Common Factor of 12 and 14?",2,,,,12,,,typing
781,"What is the Greatest Common Factor of 30 and 102?",6,,,,12,,,typing
782,"What is the Greatest Common Factor of 102 and 18?",6,,,,12,,,typing
783,"What is the Greatest Common Factor of 114 and 45?",3,,,,12,,,typing
784,"What is the Greatest Common Factor of 62 and 94?",2,,,,12,,,typing
785,"What is the Greatest Common Factor of 25 and 101?",1,,,,12,,,typing
786,"What is the Greatest Common Factor of 77 and 70?",7,,,,12,,,typing
787,"What is the Greatest Common Factor of 45 and 110?",5,,,,12,,,typing
788,"What is the Greatest Common Factor of 63 and 111?",3,,,,12,,,typing
789,"What is the Greatest Common Factor of 35 and 98?",7,,,,12,,,typing
790,"What is the Greatest Common Factor of 60 and 24?",12,,,,12,,,typing
791,"What is the Greatest Common Factor of 102 and 30?",6,,,,12,,,typing
792,"What is the Greatest Common Factor of 72 and 104?",8,,,,12,,,typing
793,"What is the Greatest Common Factor of 26 and 106?",2,,,,12,,,typing
794,"What is the Greatest Common Factor of 72 and 99?",9,,,,12,,,typing
795,"What is the Greatest Common Factor of 45 and 36?",9,,,,12,,,typing
796,"What is the Greatest Common Factor of 54 and 52?",2,,,,12,,,typing
797,"What is the Greatest Common Factor of 110 and 33?",11,,,,12,,,typing
798,"What is the Greatest Common Factor of 49 and 112?",7,,,,12,,,typing
799,"What is the Greatest Common Factor of 48 and 84?",12,,,,12,,,typing
800,"What is the Greatest Common Factor of 65 and 70?",5,,,,12,,,typing
801,"What is the Greatest Common Factor of 98 and 64?",2,,,,12,,,typing
802,"What is the Greatest Common Factor of 30 and 36?",6,,,,12,,,typing
803,"What is the Greatest Common Factor of 110 and 50?",10,,,,12,,,typing
804,"What is the Greatest Common Factor of 56 and 64?",8,,,,12,,,typing
805,"What is the Greatest Common Factor of 105 and 81?",3,,,,12,,,typing
806,"What is the Greatest Common Factor of 100 and 65?",5,,,,12,,,typing
807,"What is the Greatest Common Factor of 85 and 120?",5,,,,12,,,typing
808,"What is the Greatest Common Factor of 40 and 104?",8,,,,12,,,typing
809,"What is the Greatest Common Factor of 120 and 112?",8,,,,12,,,typing
810,"What is the Greatest Common Factor of 84 and 91?",7,,,,12,,,typing
811,"What is the Greatest Common Factor of 16 and 72?",8,,,,12,,,typing
812,"What is the Greatest Common Factor of 10 and 95?",5,,,,12,,,typing
813,"What is the Greatest Common Factor of 105 and 20?",5,,,,12,,,typing
814,"What is the Greatest Common Factor of 49 and 21?",7,,,,12,,,typing
815,"What is the Greatest Common Factor of 24 and 36?",12,,,,12,,,typing
816,"What is the Greatest Common Factor of 48 and 12?",12,,,,12,,,typing
817,"What is the Greatest Common Factor of 54 and 110?",2,,,,12,,,typing
818,"What is the Greatest Common Factor of 68 and 48?",4,,,,12,,,typing
819,"What is the Greatest Common Factor of 66 and 14?",2,,,,12,,,typing
820,"What is the Greatest Common Factor of 45 and 24?",3,,,,12,,,typing
821,"What is the Greatest Common Factor of 66 and 21?",3,,,,12,,,typing
822,"What is the Greatest Common Factor of 77 and 105?",7,,,,12,,,typing
823,"What is the Greatest Common Factor of 64 and 108?",4,,,,12,,,typing
824,"What is the Greatest Common Factor of 102 and 84?",6,,,,12,,,typing
825,"What is the Greatest Common Factor of 60 and 70?",10,,,,12,,,typing
826,"What is the Greatest Common Factor of 28 and 68?",4,,,,12,,,typing
827,"What is the Greatest Common Factor of 48 and 108?",12,,,,12,,,typing
828,"What is the Greatest Common Factor of 50 and 15?",5,,,,12,,,typing
829,"What is the Greatest Common Factor of 99 and 88?",11,,,,12,,,typing
830,"What is the Greatest Common Factor of 60 and 12?",12,,,,12,,,typing
831,"What is the Greatest Common Factor of 45 and 27?",9,,,,12,,,typing
832,"What is the Greatest Common Factor of 88 and 99?",11,,,,12,,,typing
833,"What is the Greatest Common Factor of 39 and 69?",3,,,,12,,,typing
834,"What is the Greatest Common Factor of 79 and 64?",1,,,,12,,,typing
835,"What is the Greatest Common Factor of 114 and 111?",3,,,,12,,,typing
836,"What is the Greatest Common Factor of 117 and 18?",9,,,,12,,,typing
837,"What is the Greatest Common Factor of 90 and 66?",6,,,,12,,,typing
838,"What is the Greatest Common Factor of 120 and 70?",10,,,,12,,,typing
839,"What is the Greatest Common Factor of 60 and 70?",10,,,,12,,,typing
840,"What is the Greatest Common Factor of 24 and 64?",8,,,,12,,,typing
841,"What is the Greatest Common Factor of 45 and 63?",9,,,,12,,,typing
842,"What is the Greatest Common Factor of 11 and 55?",11,,,,12,,,typing
843,"What is the Greatest Common Factor of 96 and 81?",3,,,,12,,,typing
844,"What is the Greatest Common Factor of 110 and 120?",10,,,,12,,,typing
845,"What is the Greatest Common Factor of 92 and 80?",4,,,,12,,,typing
846,"What is the Greatest Common Factor of 84 and 120?",12,,,,12,,,typing
847,"What is the Greatest Common Factor of 11 and 33?",11,,,,12,,,typing
848,"What is the Greatest Common Factor of 13 and 60?",1,,,,12,,,typing
849,"What is the Greatest Common Factor of 72 and 66?",6,,,,12,,,typing
850,"What is the Greatest Common Factor of 77 and 44?",11,,,,12,,,typing
851,"What is the Greatest Common Factor of 110 and 119?",1,,,,12,,,typing
852,"What is the Greatest Common Factor of 76 and 72?",4,,,,12,,,typing
853,"What is the Greatest Common Factor of 115 and 80?",5,,,,12,,,typing
854,"What is the Greatest Common Factor of 108 and 12?",12,,,,12,,,typing
855,"What is the Greatest Common Factor of 22 and 24?",2,,,,12,,,typing
856,"What is the Greatest Common Factor of 64 and 40?",8,,,,12,,,typing
857,"What is the Greatest Common Factor of 87 and 60?",3,,,,12,,,typing
858,"What is the Greatest Common Factor of 66 and 85?",1,,,,12,,,typing
859,"What is the Greatest Common Factor of 20 and 72?",4,,,,12,,,typing
860,"What is the Greatest Common Factor of 24 and 108?",12,,,,12,,,typing
861,"What is the Greatest Common Factor of 39 and 51?",3,,,,12,,,typing
862,"What is the Greatest Common Factor of 100 and 36?",4,,,,12,,,typing
863,"What is the Greatest Common Factor of 110 and 118?",2,,,,12,,,typing
864,"What is the Greatest Common Factor of 77 and 70?",7,,,,12,,,typing
865,"What is the Greatest Common Factor of 41 and 51?",1,,,,12,,,typing
866,"What is the Greatest Common Factor of 62 and 90?",2,,,,12,,,typing
867,"What is the Greatest Common Factor of 10 and 60?",10,,,,12,,,typing
868,"What is the Greatest Common Factor of 33 and 48?",3,,,,12,,,typing
869,"What is the Greatest Common Factor of 30 and 57?",3,,,,12,,,typing
870,"What is the Greatest Common Factor of 36 and 74?",2,,,,12,,,typing
871,"What is the Greatest Common Factor of 33 and 45?",3,,,,12,,,typing
872,"What is the Greatest Common Factor of 42 and 48?",6,,,,12,,,typing
873,"What is the Greatest Common Factor of 20 and 105?",5,,,,12,,,typing
874,"What is the Greatest Common Factor of 18 and 21?",3,,,,12,,,typing
875,"What is the Greatest Common Factor of 12 and 112?",4,,,,12,,,typing
876,"What is the Greatest Common Factor of 48 and 100?",4,,,,12,,,typing
877,"What is the Greatest Common Factor of 96 and 56?",8,,,,12,,,typing
878,"What is the Greatest Common Factor of 110 and 50?",10,,,,12,,,typing
879,"What is the Greatest Common Factor of 10 and 58?",2,,,,12,,,typing
880,"What is the Greatest Common Factor of 24 and 40?",8,,,,12,,,typing
881,"What is the Greatest Common Factor of 55 and 40?",5,,,,12,,,typing
882,"What is the Greatest Common Factor of 21 and 120?",3,,,,12,,,typing
883,"What is the Greatest Common Factor of 96 and 84?",12,,,,12,,,typing
884,"What is the Greatest Common Factor of 72 and 26?",2,,,,12,,,typing
885,"What is the Greatest Common Factor of 96 and 88?",8,,,,12,,,typing
886,"What is the Greatest Common Factor of 15 and 85?",5,,,,12,,,typing
887,"What is the Greatest Common Factor of 90 and 100?",10,,,,12,,,typing
888,"What is the Greatest Common Factor of 44 and 40?",4,,,,12,,,typing
889,"What is the Greatest Common Factor of 42 and 111?",3,,,,12,,,typing
890,"What is the Greatest Common Factor of 63 and 57?",3,,,,12,,,typing
891,"What is the Greatest Common Factor of 90 and 33?",3,,,,12,,,typing
892,"What is the Greatest Common Factor of 90 and 12?",6,,,,12,,,typing
893,"What is the Greatest Common Factor of 18 and 120?",6,,,,12,,,typing
894,"What is the Greatest Common Factor of 40 and 66?",2,,,,12,,,typing
895,"What is the Greatest Common Factor of 91 and 105?",7,,,,12,,,typing
896,"What is the Greatest Common Factor of 60 and 24?",12,,,,12,,,typing
897,"What is the Greatest Common Factor of 104 and 120?",8,,,,12,,,typing
898,"What is the Greatest Common Factor of 56 and 76?",4,,,,12,,,typing
899,"What is the Greatest Common Factor of 111 and 66?",3,,,,12,,,typing
900,"What is the Greatest Common Factor of 50 and 80?",10,,,,12,,,typing
901,"What is the Greatest Common Factor of 103 and 42?",1,,,,12,,,typing
902,"What is the Greatest Common Factor of 120 and 14?",2,,,,12,,,typing
903,"What is the Greatest Common Factor of 28 and 64?",4,,,,12,,,typing
904,"What is the Greatest Common Factor of 43 and 107?",1,,,,12,,,typing
905,"What is the Greatest Common Factor of 56 and 72?",8,,,,12,,,typing
906,"What is the Greatest Common Factor of 70 and 40?",10,,,,12,,,typing
907,"What is the Greatest Common Factor of 91 and 14?",7,,,,12,,,typing
908,"What is the Greatest Common Factor of 65 and 20?",5,,,,12,,,typing
909,"What is the Greatest Common Factor of 105 and 49?",7,,,,12,,,typing
910,"What is the Greatest Common Factor of 66 and 77?",11,,,,12,,,typing
911,"What is the Greatest Common Factor of 104 and 56?",8,,,,12,,,typing
912,"What is the Greatest Common Factor of 99 and 54?",9,,,,12,,,typing
913,"What is the Greatest Common Factor of 35 and 80?",5,,,,12,,,typing
914,"What is the Greatest Common Factor of 18 and 96?",6,,,,12,,,typing
915,"What is the Greatest Common Factor of 32 and 88?",8,,,,12,,,typing
916,"What is the Greatest Common Factor of 16 and 68?",4,,,,12,,,typing
917,"What is the Greatest Common Factor of 108 and 99?",9,,,,12,,,typing
918,"What is the Greatest Common Factor of 30 and 42?",6,,,,12,,,typing
919,"What is the Greatest Common Factor of 45 and 37?",1,,,,12,,,typing
920,"What is the Greatest Common Factor of 90 and 27?",9,,,,12,,,typing
921,"What is the Greatest Common Factor of 40 and 10?",10,,,,12,,,typing
922,"What is the Greatest Common Factor of 12 and 112?",4,,,,12,,,typing
923,"What is the Greatest Common Factor of 10 and 70?",10,,,,12,,,typing
924,"What is the Greatest Common Factor of 30 and 70?",10,,,,12,,,typing
925,"What is the Greatest Common Factor of 119 and 40?",1,,,,12,,,typing
926,"What is the Greatest Common Factor of 72 and 60?",12,,,,12,,,typing
927,"What is the Greatest Common Factor of 91 and 28?",7,,,,12,,,typing
928,"What is the Greatest Common Factor of 112 and 88?",8,,,,12,,,typing
929,"What is the Greatest Common Factor of 110 and 40?",10,,,,12,,,typing
930,"What is the Greatest Common Factor of 48 and 111?",3,,,,12,,,typing
931,"What is the Greatest Common Factor of 80 and 15?",5,,,,12,,,typing
932,"What is the Greatest Common Factor of 80 and 30?",10,,,,12,,,typing
933,"What is the Greatest Common Factor of 24 and 114?",6,,,,12,,,typing
934,"What is the Greatest Common Factor of 120 and 50?",10,,,,12,,,typing
935,"What is the Greatest Common Factor of 46 and 48?",2,,,,12,,,typing
936,"What is the Greatest Common Factor of 56 and 114?",2,,,,12,,,typing
937,"What is the Greatest Common Factor of 100 and 64?",4,,,,12,,,typing
938,"What is the Greatest Common Factor of 55 and 45?",5,,,,12,,,typing
939,"What is the Greatest Common Factor of 62 and 104?",2,,,,12,,,typing
940,"What is the Greatest Common Factor of 99 and 27?",9,,,,12,,,typing
941,"What is the Greatest Common Factor of 22 and 33?",11,,,,12,,,typing
942,"What is the Greatest Common Factor of 44 and 60?",4,,,,12,,,typing
943,"What is the Greatest Common Factor of 108 and 66?",6,,,,12,,,typing
944,"What is the Greatest Common Factor of 50 and 15?",5,,,,12,,,typing
945,"What is the Greatest Common Factor of 78 and 48?",6,,,,12,,,typing
946,"What is the Greatest Common Factor of 64 and 66?",2,,,,12,,,typing
947,"What is the Greatest Common Factor of 10 and 90?",10,,,,12,,,typing
948,"What is the Greatest Common Factor of 106 and 49?",1,,,,12,,,typing
949,"What is the Greatest Common Factor of 33 and 88?",11,,,,12,,,typing
950,"What is the Greatest Common Factor of 77 and 42?",7,,,,12,,,typing
951,"What is the Greatest Common Factor of 117 and 45?",9,,,,12,,,typing
952,"What is the Greatest Common Factor of 32 and 88?",8,,,,12,,,typing
953,"What is the Greatest Common Factor of 36 and 24?",12,,,,12,,,typing
954,"What is the Greatest Common Factor of 96 and 66?",6,,,,12,,,typing
955,"What is the Greatest Common Factor of 76 and 68?",4,,,,12,,,typing
956,"What is the Greatest Common Factor of 57 and 105?",3,,,,12,,,typing
957,"What is the Greatest Common Factor of 42 and 87?",3,,,,12,,,typing
958,"What is the Greatest Common Factor of 34 and 108?",2,,,,12,,,typing
959,"What is the Greatest Common Factor of 102 and 58?",2,,,,12,,,typing
960,"What is the Greatest Common Factor of 10 and 20?",10,,,,12,,,typing
961,"What is the Greatest Common Factor of 85 and 15?",5,,,,12,,,typing
962,"What is the Greatest Common Factor of 42 and 60?",6,,,,12,,,typing
963,"What is the Greatest Common Factor of 72 and 103?",1,,,,12,,,typing
964,"What is the Greatest Common Factor of 120 and 12?",12,,,,12,,,typing
965,"What is the Greatest Common Factor of 81 and 72?",9,,,,12,,,typing
966,"What is the Greatest Common Factor of 112 and 49?",7,,,,12,,,typing
967,"What is the Greatest Common Factor of 66 and 11?",11,,,,12,,,typing
968,"What is the Greatest Common Factor of 84 and 49?",7,,,,12,,,typing
969,"What is the Greatest Common Factor of 93 and 60?",3,,,,12,,,typing
970,"What is the Greatest Common Factor of 100 and 10?",10,,,,12,,,typing
971,"What is the Greatest Common Factor of 47 and 25?",1,,,,12,,,typing
972,"What is the Greatest Common Factor of 104 and 20?",4,,,,12,,,typing
973,"What is the Greatest Common Factor of 60 and 102?",6,,,,12,,,typing
974,"What is the Greatest Common Factor of 22 and 11?",11,,,,12,,,typing
975,"What is the Greatest Common Factor of 15 and 56?",1,,,,12,,,typing
976,"What is the Greatest Common Factor of 31 and 88?",1,,,,12,,,typing
977,"What is the Greatest Common Factor of 63 and 99?",9,,,,12,,,typing
978,"What is the Greatest Common Factor of 91 and 84?",7,,,,12,,,typing
979,"What is the Greatest Common Factor of 77 and 84?",7,,,,12,,,typing
980,"What is the Greatest Common Factor of 72 and 114?",6,,,,12,,,typing
981,"What is the Greatest Common Factor of 84 and 96?",12,,,,12,,,typing
982,"What is the Greatest Common Factor of 63 and 28?",7,,,,12,,,typing
983,"What is the Greatest Common Factor of 10 and 100?",10,,,,12,,,typing
984,"What is the Greatest Common Factor of 69 and 102?",3,,,,12,,,typing
985,"What is the Greatest Common Factor of 81 and 99?",9,,,,12,,,typing
986,"What is the Greatest Common Factor of 16 and 120?",8,,,,12,,,typing
987,"What is the Greatest Common Factor of 120 and 41?",1,,,,12,,,typing
988,"What is the Greatest Common Factor of 120 and 32?",8,,,,12,,,typing
989,"What is the Greatest Common Factor of 120 and 66?",6,,,,12,,,typing
990,"What is the Greatest Common Factor of 36 and 62?",2,,,,12,,,typing
991,"What is the Greatest Common Factor of 66 and 24?",6,,,,12,,,typing
992,"What is the Greatest Common Factor of 54 and 42?",6,,,,12,,,typing
993,"What is the Greatest Common Factor of 120 and 65?",5,,,,12,,,typing
994,"What is the Greatest Common Factor of 57 and 63?",3,,,,12,,,typing
995,"What is the Greatest Common Factor of 96 and 90?",6,,,,12,,,typing
996,"What is the Greatest Common Factor of 10 and 25?",5,,,,12,,,typing
997,"What is the Greatest Common Factor of 80 and 72?",8,,,,12,,,typing
998,"What is the Greatest Common Factor of 25 and 10?",5,,,,12,,,typing
999,"What is the Greatest Common Factor of 60 and 48?",12,,,,12,,,typing
1000,"What is the Greatest Common Factor of 45 and 108?",9,,,,12,,,typing
